,sulfonyl_fluoride_SMILES_index,base_SMILES_index,solvent_SMILES_index,substrate_concentration_index,sulfonyl_equiv_index,base_equiv_index,temperature_index,yield
57524,O=S(C1=CC=CC=C1)(F)=O,CN1C2=NCCCN2CCC1,CC1=CC=CC=C1,0.1,1.1,1.9,60,29
308774,O=S(C1=CC=C(C)C=C1)(F)=O,CN1C2=NCCCN2CCC1,C1CCOC1,0.1,1.1,1.9,60,5
276274,O=S(C1=CC=C([N+]([O-])=O)C=C1)(F)=O,CN1C2=NCCCN2CCC1,CC1=CC=CC=C1,0.1,1.1,1.9,60,30
307624,O=S(C1=CC=C(C)C=C1)(F)=O,CN1C2=NCCCN2CCC1,CC1=CC=CC=C1,0.1,1.9,1.9,60,49
89399,ClC1=CC=C(S(=O)(F)=O)C=C1,CN1C2=NCCCN2CCC1,FC(C1=CC=CC=C1)(F)F,0.1,1.1,1.9,60,28
