,sulfonyl_fluoride_SMILES_index,base_SMILES_index,solvent_SMILES_index,substrate_concentration_index,sulfonyl_equiv_index,base_equiv_index,temperature_index,yield
245624,O=S(C1=CC(C(F)(F)F)=CC(C(F)(F)F)=C1)(F)=O,CN1C2=NCCCN2CCC1,CC1=CC=CC=C1,0.5,1.9,1.9,60,37
245749,O=S(C1=CC(C(F)(F)F)=CC(C(F)(F)F)=C1)(F)=O,CN1C2=NCCCN2CCC1,FC(C1=CC=CC=C1)(F)F,0.1,1.9,1.9,60,37
245123,O=S(C1=CC(C(F)(F)F)=CC(C(F)(F)F)=C1)(F)=O,CN1C2=NCCCN2CCC1,CC1=CC=CC=C1,0.1,1.9,1.9,50,36
244499,O=S(C1=CC(C(F)(F)F)=CC(C(F)(F)F)=C1)(F)=O,CN1C2=NCCCN2CCC1,O=S(C)C,0.1,1.9,1.9,60,0
245119,O=S(C1=CC(C(F)(F)F)=CC(C(F)(F)F)=C1)(F)=O,CN1C2=NCCCN2CCC1,CC1=CC=CC=C1,0.1,1.9,1.7,60,60
