ligand_SMILES,ligand=CC(C)C1=CC(C(C)C)=CC(C(C)C)=C1C2=C(P(C3CCCCC3)C4CCCCC4)C=CC=C2,ligand=CC(C)C(C=C(C(C)C)C=C1C(C)C)=C1C2=CC=CC=C2P(C(C)(C)C)C(C)(C)C,ligand=CC(C)C1=CC(C(C)C)=CC(C(C)C)=C1C2=C(P(C(C)(C)C)C(C)(C)C)C(OC)=CC=C2OC,ligand=CC(C1=C(C2=C(OC)C=CC(OC)=C2P(C34CC5CC(C4)CC(C5)C3)C67CC8CC(C7)CC(C8)C6)C(C(C)C)=CC(C(C)C)=C1)C
CC(C)C1=CC(C(C)C)=CC(C(C)C)=C1C2=C(P(C3CCCCC3)C4CCCCC4)C=CC=C2,1,0,0,0
CC(C)C(C=C(C(C)C)C=C1C(C)C)=C1C2=CC=CC=C2P(C(C)(C)C)C(C)(C)C,0,1,0,0
CC(C)C1=CC(C(C)C)=CC(C(C)C)=C1C2=C(P(C(C)(C)C)C(C)(C)C)C(OC)=CC=C2OC,0,0,1,0
CC(C1=C(C2=C(OC)C=CC(OC)=C2P(C34CC5CC(C4)CC(C5)C3)C67CC8CC(C7)CC(C8)C6)C(C(C)C)=CC(C(C)C)=C1)C,0,0,0,1
